﻿Jz5UrnhML,自己乐呵不混圈,1403345930,#郑业成满月之下请相爱#zyc#郑业成镜双城#@D郑业成C我在#明星势力榜#内地榜上为你加油啦，你是我今生唯一的执著哦。棒棒哒！明星势力榜第168位​,2020-12-19 00:27,0,0,1,https://weibo.com/1403345930/Jz5UrnhML?refer_flag=1001030103_
Jz6rac2nW,ZMKke,5972907141,zyc提前给过圣诞了​,2020-12-19 01:48,0,0,2,https://weibo.com/5972907141/Jz6rac2nW?refer_flag=1001030103_
Jz6yWENLy,晏麦_照西瓜哇,5669568292,我好幸福看到了帅哥小江现场连麦了代子沙汀和zyc的返图也超级超级帅向双杀人和江代人salute新年快乐​,2020-12-19 02:07,0,0,1,https://weibo.com/5669568292/Jz6yWENLy?refer_flag=1001030103_
Jz8CDcGkM,曾经的旧时光C,5473186217,每日一善zyc#阳光信用#人生如逆水行舟，不进则退。如果你选择过分安逸，就会丧失斗志；一旦丧失斗志，生活就会越来越闲，最终被别人拉开一大截差距。知否知否，成功其实并不复杂：多坚持一步，就多一点可能。别轻易就说放弃，朝着阳光明亮的地方努力生长，未来便可期。​,2020-12-19 07:22,0,16,9,https://weibo.com/5473186217/Jz8CDcGkM?refer_flag=1001030103_
JzaFhjiHg,_芝麻花生酱_,1781721831,W8VES一张今天上海的5点前都收，400收一张普通，走看看孩子收不到也没关系反正zyc又不是只能活一年了（他自己说的！）​,2020-12-19 12:34,0,0,0,https://weibo.com/1781721831/JzaFhjiHg?refer_flag=1001030103_
JzaF9FrGa,_芝麻花生酱_,1781721831,说唱新世代收一张今天上海的5点前都收，400收一张普通，走看看孩子收不到也没关系反正zyc又不是只能活一年了（他自己说的！）​,2020-12-19 12:33,0,0,0,https://weibo.com/1781721831/JzaF9FrGa?refer_flag=1001030103_
JzaE2vHRP,呆萌甜甜的熹熹,7518318726,#郑业成诗意中国#zyc#郑业成镜双城#青山不及你眉长水清不似你目澈啊啊啊啊啊啊啊！大成子这组图也太好看了吧！@D郑业成C图源@郑业成工作室​,2020-12-19 12:31,0,0,6,https://weibo.com/7518318726/JzaE2vHRP?refer_flag=1001030103_
Jzb8h7Y87,跳绳起泡,6287143267,我梦到了我的好朋友，梦里的我们默契又和谐，不掺杂一丝丝世俗的感情。有本书想要推荐给你，真的很棒很棒。整个梦境一直都在提及这本书。后来我打开了那本书，扉页上写着byzyc​,2020-12-19 13:45,0,0,2,https://weibo.com/6287143267/Jzb8h7Y87?refer_flag=1001030103_
JzbnEEUxN,D千莲荷风C,6891906734,#郑业成诗意中国#zyc#百度地图绿色出行#大家快来下载，出门大成带路，你期待吗？一句“用了我的导航就是我的人了”真是太苏了，受不鸟What？百度地图开屏一天，太棒了，大家加油！LD千莲荷风C的微博视频​​​,2020-12-19 14:23,2,53,71,https://weibo.com/6891906734/JzbnEEUxN?refer_flag=1001030103_
Jzbijqdz4,李总那么perfect,3670530914,因为zyc所以没吃饭今天电脑看来不会闲了​,2020-12-19 14:10,0,0,1,https://weibo.com/3670530914/Jzbijqdz4?refer_flag=1001030103_
Jzcvj0qza,金韩彬太太,3699078300,#恋爱回忆录#异国Day169外食日常以及zyc悄悄去给我买的限量白桃​,2020-12-19 17:15,0,0,2,https://weibo.com/3699078300/Jzcvj0qza?refer_flag=1001030103_
Jzd4wnIhU,自己乐呵不混圈,1403345930,#郑业成满月之下请相爱#zyc#郑业成镜双城#@D郑业成C我在#明星势力榜#内地榜上为你加油啦，你是我今生唯一的执著哦。棒棒哒！明星势力榜第168位​,2020-12-19 18:41,0,0,0,https://weibo.com/1403345930/Jzd4wnIhU?refer_flag=1001030103_
JzcO9Cexe,Stephanie_chenJ,5235796307,zyc真是给我惊喜了呢​,2020-12-19 18:01,0,0,1,https://weibo.com/5235796307/JzcO9Cexe?refer_flag=1001030103_
JzdxAlGOT,茶木木清,3165949533,因为在不知情的情况下给一个饭圈卖票人签名了被大粉diss正主这种大粉迷惑且嚣张的发言在流量粉圈是会被撕碎的程度也只有糊圈才肆无忌惮老粉抱团无人敢撕zyc好惨哎qswl​,2020-12-19 19:53,0,0,3,https://weibo.com/3165949533/JzdxAlGOT?refer_flag=1001030103_
Jzduscliu,饭饭小仙女呀_,3714737747,要是我没跟zyc分手我现在下楼就有空山跟盏格下楼就能喝小啤酒整个区我最喜欢的地段就是这边了当初想买这边的房子已经没有一手的了​,2020-12-19 19:45,0,0,0,https://weibo.com/3714737747/Jzduscliu?refer_flag=1001030103_
JzdsrbFyg,D遥遥遥远c,7525382401,#郑业成诗意中国#zyc#2021写给郑业成的21句期待#zyc『我见众生皆草木唯你是青山日常表白@D郑业成C.』​​​,2020-12-19 19:40,0,24,4,https://weibo.com/7525382401/JzdsrbFyg?refer_flag=1001030103_
Jzdlngt4d,茶木木清,3165949533,不怪zyc说数据都是他自己再做非常清醒靠粉丝无用成你自己再加倍多努力吧你圈真的不行只能靠爆了多圈新粉洗洗粉了一团糊气毫无生命力的粉圈我小号天天都只签到攒的积分随便投投都是积分榜前列的程度我真的惊呆了​,2020-12-19 19:23,0,0,0,https://weibo.com/3165949533/Jzdlngt4d?refer_flag=1001030103_
JzdUvDrG8,我是正经人儿,1980471923,#爱豆v力量#zyc#2021写给郑业成的21句期待#收到从@原来shi橙子啊这里中的大成定制壳了第一次中奖也太太太开心了都是@D郑业成C给我带来的好运气呀希望2021年可以欧气满满​,2020-12-19 20:50,0,36,40,https://weibo.com/1980471923/JzdUvDrG8?refer_flag=1001030103_
JzdKOAwov,古耐here,5719965287,zyc说我变胖已经一星期了打死这个oldpig​,2020-12-19 20:26,0,0,2,https://weibo.com/5719965287/JzdKOAwov?refer_flag=1001030103_
JzemIEto2,曾经的旧时光C,5473186217,#郑业成诗意中国#zyc#郑业成许晓冬#@D郑业成C我在#明星势力榜#内地榜上为你加油啦，你是我今生唯一的执著哦。棒棒哒！明星势力榜第168位图源:说点郑经事​,2020-12-19 21:59,0,0,2,https://weibo.com/5473186217/JzemIEto2?refer_flag=1001030103_
Jzed0F0vN,自己乐呵不混圈,1403345930,#郑业成诗意中国#zyc#郑业成镜双城#@D郑业成C我在#明星势力榜#内地榜上为你加油啦，你是我今生唯一的执著哦。棒棒哒！明星势力榜第168位​,2020-12-19 21:35,0,0,2,https://weibo.com/1403345930/Jzed0F0vN?refer_flag=1001030103_
Jzf0r0TBi,火锅必须加土豆,6574886303,今天小张发了他“糜烂”生活的图片我现在太困了就明天回消息吧晚安zyc​,2020-12-19 23:37,0,0,0,https://weibo.com/6574886303/Jzf0r0TBi?refer_flag=1001030103_
JzeY3vqJp,抓颗糖果放口袋,5199762374,上周六份同zyc​,2020-12-19 23:31,0,0,5,https://weibo.com/5199762374/JzeY3vqJp?refer_flag=1001030103_
JzeWz0aAH,我又没有烦恼,6569156170,草怎么zyc也是有他的最后一场巡演啊​,2020-12-19 23:27,0,0,0,https://weibo.com/6569156170/JzeWz0aAH?refer_flag=1001030103_
JzePj3xPc,夜夜都有鴨,6516721239,周彦辰超话☀️2020年的第354天#天天安利周彦辰#有时候难过不是因为结局不够好而是真诚没有被善待#周彦辰你好火焰蓝##周彦辰我才不要和你做朋友呢#@周彦辰zyc#周彦辰通天书院##周彦辰新歌withu#,2020-12-19 23:09,0,0,8,https://weibo.com/6516721239/JzePj3xPc?refer_flag=1001030103_
